Interval,experiment ID,Order correctness,correct odr,actual odr,request time from VM,start time from Lambda,expected invocation time,actual invocation time,DELTA,Distribution,
10ms,2c639e5a-6dd5-4a68-870a-1a1cd2243efa,TRUE,Worker1,Worker1,1733802270010,1733802270037,0,0,0,same AZ (us-east-2c),
,,,Worker2,Worker2,1733802270020,1733802270046,10,9,1,,
,,,Worker3,Worker3,1733802270031,1733802270056,20,19,1,,
10ms,7d7de649-9406-495e-9a2e-62524338e3c4,TRUE,Worker1,Worker1,1733802193011,1733802193057,0,0,0,same AZ (us-east-2c),
,,,Worker2,Worker2,1733802193021,1733802193062,10,5,5,,
,,,Worker3,Worker3,1733802193030,1733802193064,20,7,13,,
10ms,a106cb86-dc70-4dc4-a9d5-a7e0abff5d5c,TRUE,Worker1,Worker1,1733802232010,1733802232035,0,0,0,same AZ (us-east-2c),
,,,Worker2,Worker2,1733802232020,1733802232045,10,10,0,,
,,,Worker3,Worker3,1733802232030,1733802232060,20,25,5,,
10ms,b6b1528a-7479-44d8-934e-b91e932e4337,TRUE,Worker1,Worker1,1733802308011,1733802308041,0,0,0,same AZ (us-east-2c),
,,,Worker2,Worker2,1733802308020,1733802308050,10,9,1,,
,,,Worker3,Worker3,1733802308031,1733802308054,20,13,7,,
10ms,470a50b7-2c4c-49d9-bb44-550b8ed8bb5d,TRUE,Worker1,Worker1,1733802348010,1733802348035,0,0,0,same AZ (us-east-2c),
,,,Worker2,Worker2,1733802348021,1733802348053,10,18,8,,
,,,Worker3,Worker3,1733802348031,1733802348055,20,20,0,,
10ms,b6492c37-3590-4a91-ad8e-57071bdc5504,TRUE,Worker1,Worker1,1733802388011,1733802388038,0,0,0,same AZ (us-east-2c),
,,,Worker2,Worker2,1733802388021,1733802388051,10,13,3,,
,,,Worker3,Worker3,1733802388031,1733802388052,20,14,6,,
10ms,a22ed426-601b-4629-9dd2-c7fac260d94a,TRUE,Worker1,Worker1,1733802428010,1733802428036,0,0,0,same AZ (us-east-2c),
,,,Worker2,Worker2,1733802428020,1733802428050,10,14,4,,
,,,Worker3,Worker3,1733802428030,1733802428056,20,20,0,,
10ms,131c0cb8-1b16-400d-a1fc-51dba34c0e99,FALSE,Worker1,Worker2,1733802469010,1733802469037,0,0,0,same AZ (us-east-2c),Invocation times from Worker1 and Worker2 are identical
,,,Worker2,Worker1,1733802469020,1733802469037,10,0,10,,
,,,Worker3,Worker3,1733802469031,1733802469056,20,19,1,,
10ms,731b2475-70b6-412d-a1e9-30b32721dc78,TRUE,Worker1,Worker1,1733802509010,1733802509039,0,0,0,same AZ (us-east-2c),
,,,Worker2,Worker2,1733802509021,1733802509042,10,3,7,,
,,,Worker3,Worker3,1733802509031,1733802509051,20,12,8,,
10ms,f10625e6-43bc-4036-92f2-0174fa5dd2d6,TRUE,Worker1,Worker1,1733802548011,1733802548041,0,0,0,same AZ (us-east-2c),
,,,Worker2,Worker2,1733802548021,1733802548045,10,4,6,,
,,,Worker3,Worker3,1733802548031,1733802548061,20,20,0,,
,,,,,,,,,2.866666667,,
100ms,6c5a1d67-5734-4289-981c-0013b87f5913,TRUE,Worker1,Worker1,1733816508101,1733816508132,0,0,,same AZ (us-east-2c),
,,,Worker2,Worker2,1733816508200,1733816508241,100,109,,,
,,,Worker3,Worker3,1733816508301,1733816508327,200,195,,,
,,,Worker1,Worker1,1733816508401,1733816508417,300,285,,,
,,,Worker2,Worker2,1733816508500,1733816508520,400,388,,,
,,,Worker3,Worker3,1733816508600,1733816508613,500,481,,,
,,,Worker1,Worker1,1733816508700,1733816508715,600,583,,,
,,,Worker2,Worker2,1733816508801,1733816508822,700,690,,,
,,,Worker3,Worker3,1733816508900,1733816508918,800,786,,,
100ms,9a1a1985-b2dc-4dbb-b451-8ddf642364a4,TRUE,Worker1,Worker1,1733816546100,1733816546123,0,0,,same AZ (us-east-2c),
,,,Worker2,Worker2,1733816546201,1733816546222,100,99,,,
,,,Worker3,Worker3,1733816546300,1733816546324,200,201,,,
,,,Worker1,Worker1,1733816546400,1733816546415,300,292,,,
,,,Worker2,Worker2,1733816546501,1733816546515,400,392,,,
,,,Worker3,Worker3,1733816546601,1733816546613,500,490,,,
,,,Worker1,Worker1,1733816546700,1733816546715,600,592,,,
,,,Worker2,Worker2,1733816546801,1733816546815,700,692,,,
,,,Worker3,Worker3,1733816546900,1733816546914,800,791,,,
100ms,13c485dc-922c-4b4c-be3b-fc14e1d145cb,TRUE,Worker1,Worker1,1733816586100,1733816586127,0,0,,same AZ (us-east-2c),
,,,Worker2,Worker2,1733816586200,1733816586225,100,98,,,
,,,Worker3,Worker3,1733816586301,1733816586324,200,197,,,
,,,Worker1,Worker1,1733816586401,1733816586417,300,290,,,
,,,Worker2,Worker2,1733816586501,1733816586515,400,388,,,
,,,Worker3,Worker3,1733816586601,1733816586611,500,484,,,
,,,Worker1,Worker1,1733816586701,1733816586717,600,590,,,
,,,Worker2,Worker2,1733816586801,1733816586812,700,685,,,
,,,Worker3,Worker3,1733816586901,1733816586909,800,782,,,
100ms,1282e898-0b1c-4f6f-a42b-a79ee32e64dd,TRUE,Worker1,Worker1,1733816626100,1733816626119,0,0,,same AZ (us-east-2c),
,,,Worker2,Worker2,1733816626200,1733816626221,100,102,,,
,,,Worker3,Worker3,1733816626300,1733816626316,200,197,,,
,,,Worker1,Worker1,1733816626400,1733816626416,300,297,,,
,,,Worker2,Worker2,1733816626500,1733816626518,400,399,,,
,,,Worker3,Worker3,1733816626600,1733816626609,500,490,,,
,,,Worker1,Worker1,1733816626700,1733816626714,600,595,,,
,,,Worker2,Worker2,1733816626800,1733816626815,700,696,,,
,,,Worker3,Worker3,1733816626900,1733816626906,800,787,,,
100ms,cb86cc1f-2a07-4faa-ad6b-ebda5e1bdca6,TRUE,Worker1,Worker1,1733816665101,1733816665118,0,0,,same AZ (us-east-2c),
,,,Worker2,Worker2,1733816665201,1733816665252,100,134,,,
,,,Worker3,Worker3,1733816665301,1733816665319,200,201,,,
,,,Worker1,Worker1,1733816665401,1733816665413,300,295,,,
,,,Worker2,Worker2,1733816665501,1733816665547,400,429,,,
,,,Worker3,Worker3,1733816665601,1733816665609,500,491,,,
,,,Worker1,Worker1,1733816665701,1733816665711,600,593,,,
,,,Worker2,Worker2,1733816665801,1733816665847,700,729,,,
,,,Worker3,Worker3,1733816665900,1733816665911,800,793,,,
100ms,ddc96740-c4da-4905-bf58-a177c17a938a,TRUE,Worker1,Worker1,1733817499100,1733817499125,0,0,,same AZ (us-east-2c),
,,,Worker2,Worker2,1733817499200,1733817499221,100,96,,,
,,,Worker3,Worker3,1733817499301,1733817499346,200,221,,,
,,,Worker1,Worker1,1733817499400,1733817499416,300,291,,,
,,,Worker2,Worker2,1733817499500,1733817499512,400,387,,,
,,,Worker3,Worker3,1733817499601,1733817499615,500,490,,,
,,,Worker1,Worker1,1733817499700,1733817499714,600,589,,,
,,,Worker2,Worker2,1733817499800,1733817499814,700,689,,,
,,,Worker3,Worker3,1733817499900,1733817499970,800,845,,,
100ms,2907598a-8b42-4e86-9c5a-cd66d977cbfc,TRUE,Worker1,Worker1,1733817537100,1733817537134,0,0,,same AZ (us-east-2c),
,,,Worker2,Worker2,1733817537201,1733817537218,100,84,,,
,,,Worker3,Worker3,1733817537300,1733817537352,200,218,,,
,,,Worker1,Worker1,1733817537400,1733817537417,300,283,,,
,,,Worker2,Worker2,1733817537501,1733817537512,400,378,,,
,,,Worker3,Worker3,1733817537601,1733817537615,500,481,,,
,,,Worker1,Worker1,1733817537700,1733817537714,600,580,,,
,,,Worker2,Worker2,1733817537800,1733817537810,700,676,,,
,,,Worker3,Worker3,1733817537901,1733817537915,800,781,,,
100ms,a5b47225-f223-499f-995e-e32ed0d93d21,TRUE,Worker1,Worker1,1733817577101,1733817577124,0,0,,same AZ (us-east-2c),
,,,Worker2,Worker2,1733817577200,1733817577223,100,99,,,
,,,Worker3,Worker3,1733817577300,1733817577331,200,207,,,
,,,Worker1,Worker1,1733817577401,1733817577415,300,291,,,
,,,Worker2,Worker2,1733817577500,1733817577512,400,388,,,
,,,Worker3,Worker3,1733817577601,1733817577661,500,537,,,
,,,Worker1,Worker1,1733817577701,1733817577716,600,592,,,
,,,Worker2,Worker2,1733817577800,1733817577815,700,691,,,
,,,Worker3,Worker3,1733817577901,1733817577912,800,788,,,
100ms,52c5c428-514e-4a17-b5ca-3658c7aedab5,TRUE,Worker1,Worker1,1733817617101,1733817617132,0,0,,same AZ (us-east-2c),
,,,Worker2,Worker2,1733817617201,1733817617234,100,102,,,
,,,Worker3,Worker3,1733817617300,1733817617339,200,207,,,
,,,Worker1,Worker1,1733817617401,1733817617417,300,285,,,
,,,Worker2,Worker2,1733817617501,1733817617528,400,396,,,
,,,Worker3,Worker3,1733817617601,1733817617615,500,483,,,
,,,Worker1,Worker1,1733817617701,1733817617713,600,581,,,
,,,Worker2,Worker2,1733817617801,1733817617830,700,698,,,
,,,Worker3,Worker3,1733817617901,1733817617913,800,781,,,
100ms,7a51c27e-aad6-49aa-9afa-5881f65e22c9,TRUE,Worker1,Worker1,1733817657101,1733817657126,0,0,,same AZ (us-east-2c),
,,,Worker2,Worker2,1733817657200,1733817657230,100,104,,,
,,,Worker3,Worker3,1733817657301,1733817657330,200,204,,,
,,,Worker1,Worker1,1733817657401,1733817657420,300,294,,,
,,,Worker2,Worker2,1733817657500,1733817657521,400,395,,,
,,,Worker3,Worker3,1733817657601,1733817657613,500,487,,,
,,,Worker1,Worker1,1733817657701,1733817657716,600,590,,,
,,,Worker2,Worker2,1733817657800,1733817657821,700,695,,,
,,,Worker3,Worker3,1733817657901,1733817657915,800,789,,,
100ms,7b8bef93-9364-4e1f-8957-e28084647726,FALSE,Worker1,Worker1,1733880591100,1733880591151,0,0,0,"same country (us-east-1f, us-west-1c, us-west-2d)",
,7b8bef93-9364-4e1f-8957-e28084647726,,Worker2,Worker2,1733880591200,1733880591351,100,200,100,,
,7b8bef93-9364-4e1f-8957-e28084647726,,Worker3,Worker1,1733880591301,1733880591419,200,268,68,,
,7b8bef93-9364-4e1f-8957-e28084647726,,Worker1,Worker3,1733880591400,1733880591459,300,308,8,,
,7b8bef93-9364-4e1f-8957-e28084647726,,Worker2,Worker2,1733880591500,1733880591539,400,388,12,,
,7b8bef93-9364-4e1f-8957-e28084647726,,Worker3,Worker3,1733880591601,1733880591649,500,498,2,,
,7b8bef93-9364-4e1f-8957-e28084647726,,Worker1,Worker1,1733880591700,1733880591719,600,568,32,,
,7b8bef93-9364-4e1f-8957-e28084647726,,Worker2,Worker2,1733880591800,1733880591840,700,689,11,,
,7b8bef93-9364-4e1f-8957-e28084647726,,Worker3,Worker3,1733880591901,1733880591950,800,799,1,,
100ms,fd08b155-e798-48ec-a23e-512aa1efaf6f,FALSE,Worker1,Worker1,1733880630101,1733880630149,0,0,0,"same country (us-east-1f, us-west-1c, us-west-2d)",
,fd08b155-e798-48ec-a23e-512aa1efaf6f,,Worker2,Worker2,1733880630200,1733880630353,100,204,104,,
,fd08b155-e798-48ec-a23e-512aa1efaf6f,,Worker3,Worker1,1733880630300,1733880630422,200,273,73,,
,fd08b155-e798-48ec-a23e-512aa1efaf6f,,Worker1,Worker3,1733880630401,1733880630442,300,293,7,,
,fd08b155-e798-48ec-a23e-512aa1efaf6f,,Worker2,Worker2,1733880630500,1733880630546,400,397,3,,
,fd08b155-e798-48ec-a23e-512aa1efaf6f,,Worker3,Worker3,1733880630600,1733880630641,500,492,8,,
,fd08b155-e798-48ec-a23e-512aa1efaf6f,,Worker1,Worker1,1733880630701,1733880630718,600,569,31,,
,fd08b155-e798-48ec-a23e-512aa1efaf6f,,Worker2,Worker2,1733880630801,1733880630843,700,694,6,,
,fd08b155-e798-48ec-a23e-512aa1efaf6f,,Worker3,Worker3,1733880630900,1733880630940,800,791,9,,
100ms,2e9f778d-16bd-4a83-bd23-2410bb1d4fb1,FALSE,Worker1,Worker1,1733880671101,1733880671148,0,0,0,"same country (us-east-1f, us-west-1c, us-west-2d)",
,2e9f778d-16bd-4a83-bd23-2410bb1d4fb1,,Worker2,Worker2,1733880671201,1733880671360,100,212,112,,
,2e9f778d-16bd-4a83-bd23-2410bb1d4fb1,,Worker3,Worker1,1733880671300,1733880671421,200,273,73,,
,2e9f778d-16bd-4a83-bd23-2410bb1d4fb1,,Worker1,Worker3,1733880671401,1733880671445,300,297,3,,
,2e9f778d-16bd-4a83-bd23-2410bb1d4fb1,,Worker2,Worker2,1733880671501,1733880671548,400,400,0,,
,2e9f778d-16bd-4a83-bd23-2410bb1d4fb1,,Worker3,Worker3,1733880671600,1733880671637,500,489,11,,
,2e9f778d-16bd-4a83-bd23-2410bb1d4fb1,,Worker1,Worker1,1733880671701,1733880671721,600,573,27,,
,2e9f778d-16bd-4a83-bd23-2410bb1d4fb1,,Worker2,Worker2,1733880671801,1733880671843,700,695,5,,
,2e9f778d-16bd-4a83-bd23-2410bb1d4fb1,,Worker3,Worker3,1733880671901,1733880671938,800,790,10,,
100ms,27ecf3c2-4dfd-4e7f-9175-48e4d21f02e8,FALSE,Worker1,Worker1,1733880711101,1733880711150,0,0,0,"same country (us-east-1f, us-west-1c, us-west-2d)",
,27ecf3c2-4dfd-4e7f-9175-48e4d21f02e8,,Worker2,Worker2,1733880711201,1733880711346,100,196,96,,
,27ecf3c2-4dfd-4e7f-9175-48e4d21f02e8,,Worker3,Worker1,1733880711300,1733880711422,200,272,72,,
,27ecf3c2-4dfd-4e7f-9175-48e4d21f02e8,,Worker1,Worker3,1733880711401,1733880711442,300,292,8,,
,27ecf3c2-4dfd-4e7f-9175-48e4d21f02e8,,Worker2,Worker2,1733880711500,1733880711534,400,384,16,,
,27ecf3c2-4dfd-4e7f-9175-48e4d21f02e8,,Worker3,Worker3,1733880711600,1733880711639,500,489,11,,
,27ecf3c2-4dfd-4e7f-9175-48e4d21f02e8,,Worker1,Worker1,1733880711701,1733880711724,600,574,26,,
,27ecf3c2-4dfd-4e7f-9175-48e4d21f02e8,,Worker2,Worker2,1733880711800,1733880711834,700,684,16,,
,27ecf3c2-4dfd-4e7f-9175-48e4d21f02e8,,Worker3,Worker3,1733880711900,1733880711941,800,791,9,,
100ms,72f3c9bf-af8f-4490-ae19-7cb34ac3d01c,FALSE,Worker1,Worker1,1733880751101,1733880751148,0,0,0,"same country (us-east-1f, us-west-1c, us-west-2d)",
,72f3c9bf-af8f-4490-ae19-7cb34ac3d01c,,Worker2,Worker2,1733880751201,1733880751353,100,205,105,,
,72f3c9bf-af8f-4490-ae19-7cb34ac3d01c,,Worker3,Worker1,1733880751300,1733880751420,200,272,72,,
,72f3c9bf-af8f-4490-ae19-7cb34ac3d01c,,Worker1,Worker3,1733880751401,1733880751444,300,296,4,,
,72f3c9bf-af8f-4490-ae19-7cb34ac3d01c,,Worker2,Worker2,1733880751500,1733880751540,400,392,8,,
,72f3c9bf-af8f-4490-ae19-7cb34ac3d01c,,Worker3,Worker3,1733880751600,1733880751637,500,489,11,,
,72f3c9bf-af8f-4490-ae19-7cb34ac3d01c,,Worker1,Worker1,1733880751701,1733880751722,600,574,26,,
,72f3c9bf-af8f-4490-ae19-7cb34ac3d01c,,Worker2,Worker2,1733880751800,1733880751841,700,693,7,,
,72f3c9bf-af8f-4490-ae19-7cb34ac3d01c,,Worker3,Worker3,1733880751900,1733880751940,800,792,8,,
100ms,7086aceb-70f0-48e3-a8ff-5d2118a871d4,FALSE,Worker1,Worker1,1733881165101,1733881165148,0,0,0,"same country (us-east-1f, us-west-1c, us-west-2d)",
,7086aceb-70f0-48e3-a8ff-5d2118a871d4,,Worker2,Worker2,1733881165200,1733881165345,100,197,97,,
,7086aceb-70f0-48e3-a8ff-5d2118a871d4,,Worker3,Worker1,1733881165301,1733881165423,200,275,75,,
,7086aceb-70f0-48e3-a8ff-5d2118a871d4,,Worker1,Worker3,1733881165401,1733881165442,300,294,6,,
,7086aceb-70f0-48e3-a8ff-5d2118a871d4,,Worker2,Worker2,1733881165500,1733881165536,400,388,12,,
,7086aceb-70f0-48e3-a8ff-5d2118a871d4,,Worker3,Worker3,1733881165601,1733881165641,500,493,7,,
,7086aceb-70f0-48e3-a8ff-5d2118a871d4,,Worker1,Worker1,1733881165701,1733881165721,600,573,27,,
,7086aceb-70f0-48e3-a8ff-5d2118a871d4,,Worker2,Worker2,1733881165801,1733881165836,700,688,12,,
,7086aceb-70f0-48e3-a8ff-5d2118a871d4,,Worker3,Worker3,1733881165901,1733881165942,800,794,6,,
100ms,84ffc908-576d-4c26-95ec-ad6774a31771,FALSE,Worker1,Worker1,1733881204100,1733881204148,0,0,0,"same country (us-east-1f, us-west-1c, us-west-2d)",
,84ffc908-576d-4c26-95ec-ad6774a31771,,Worker2,Worker2,1733881204200,1733881204342,100,194,94,,
,84ffc908-576d-4c26-95ec-ad6774a31771,,Worker3,Worker1,1733881204300,1733881204420,200,272,72,,
,84ffc908-576d-4c26-95ec-ad6774a31771,,Worker1,Worker3,1733881204400,1733881204449,300,301,1,,
,84ffc908-576d-4c26-95ec-ad6774a31771,,Worker2,Worker2,1733881204501,1733881204533,400,385,15,,
,84ffc908-576d-4c26-95ec-ad6774a31771,,Worker3,Worker3,1733881204600,1733881204644,500,496,4,,
,84ffc908-576d-4c26-95ec-ad6774a31771,,Worker1,Worker1,1733881204700,1733881204721,600,573,27,,
,84ffc908-576d-4c26-95ec-ad6774a31771,,Worker2,Worker2,1733881204801,1733881204834,700,686,14,,
,84ffc908-576d-4c26-95ec-ad6774a31771,,Worker3,Worker3,1733881204900,1733881204942,800,794,6,,
100ms,23cc3995-db41-47f2-86f9-b316ced8be50,FALSE,Worker1,Worker1,1733881245101,1733881245151,0,0,0,"same country (us-east-1f, us-west-1c, us-west-2d)",
,23cc3995-db41-47f2-86f9-b316ced8be50,,Worker2,Worker2,1733881245201,1733881245348,100,197,97,,
,23cc3995-db41-47f2-86f9-b316ced8be50,,Worker3,Worker1,1733881245301,1733881245423,200,272,72,,
,23cc3995-db41-47f2-86f9-b316ced8be50,,Worker1,Worker3,1733881245400,1733881245445,300,294,6,,
,23cc3995-db41-47f2-86f9-b316ced8be50,,Worker2,Worker2,1733881245500,1733881245540,400,389,11,,
,23cc3995-db41-47f2-86f9-b316ced8be50,,Worker3,Worker3,1733881245601,1733881245643,500,492,8,,
,23cc3995-db41-47f2-86f9-b316ced8be50,,Worker1,Worker1,1733881245700,1733881245720,600,569,31,,
,23cc3995-db41-47f2-86f9-b316ced8be50,,Worker2,Worker2,1733881245800,1733881245840,700,689,11,,
,23cc3995-db41-47f2-86f9-b316ced8be50,,Worker3,Worker3,1733881245901,1733881245941,800,790,10,,
100ms,2470d704-0120-4834-abd1-7e1bcc508635,FALSE,Worker1,Worker1,1733881285101,1733881285144,0,0,0,"same country (us-east-1f, us-west-1c, us-west-2d)",
,2470d704-0120-4834-abd1-7e1bcc508635,,Worker2,Worker2,1733881285200,1733881285354,100,210,110,,
,2470d704-0120-4834-abd1-7e1bcc508635,,Worker3,Worker1,1733881285301,1733881285413,200,269,69,,
,2470d704-0120-4834-abd1-7e1bcc508635,,Worker1,Worker3,1733881285400,1733881285447,300,303,3,,
,2470d704-0120-4834-abd1-7e1bcc508635,,Worker2,Worker2,1733881285501,1733881285543,400,399,1,,
,2470d704-0120-4834-abd1-7e1bcc508635,,Worker3,Worker3,1733881285601,1733881285637,500,493,7,,
,2470d704-0120-4834-abd1-7e1bcc508635,,Worker1,Worker1,1733881285700,1733881285716,600,572,28,,
,2470d704-0120-4834-abd1-7e1bcc508635,,Worker2,Worker2,1733881285801,1733881285843,700,699,1,,
,2470d704-0120-4834-abd1-7e1bcc508635,,Worker3,Worker3,1733881285901,1733881285942,800,798,2,,
100ms,a4e1a904-2f2a-4f15-8b2f-f2af30e47972,FALSE,Worker1,Worker1,1733881325101,1733881325147,0,0,0,"same country (us-east-1f, us-west-1c, us-west-2d)",
,a4e1a904-2f2a-4f15-8b2f-f2af30e47972,,Worker2,Worker2,1733881325200,1733881325348,100,201,101,,
,a4e1a904-2f2a-4f15-8b2f-f2af30e47972,,Worker3,Worker1,1733881325300,1733881325418,200,271,71,,
,a4e1a904-2f2a-4f15-8b2f-f2af30e47972,,Worker1,Worker3,1733881325401,1733881325446,300,299,1,,
,a4e1a904-2f2a-4f15-8b2f-f2af30e47972,,Worker2,Worker2,1733881325501,1733881325541,400,394,6,,
,a4e1a904-2f2a-4f15-8b2f-f2af30e47972,,Worker3,Worker3,1733881325600,1733881325639,500,492,8,,
,a4e1a904-2f2a-4f15-8b2f-f2af30e47972,,Worker1,Worker1,1733881325701,1733881325720,600,573,27,,
,a4e1a904-2f2a-4f15-8b2f-f2af30e47972,,Worker2,Worker2,1733881325801,1733881325849,700,702,2,,
,a4e1a904-2f2a-4f15-8b2f-f2af30e47972,,Worker3,Worker3,1733881325900,1733881325941,800,794,6,,
,,,,,,,,AVG,26.38888889,,
,,,,,,,,MAX,112,,
,,,,,,,,MIN,0,,
,,,,,,,,,,,
10ms,cc4c5a2d-353c-4606-a2e8-e1544f4d7c8c,TRUE,Worker1,Worker1,1733881526010,1733881526066,0,0,,"same country (us-east-1f, us-west-1c, us-west-2d)",
,cc4c5a2d-353c-4606-a2e8-e1544f4d7c8c,,Worker2,Worker2,1733881526020,1733881526171,10,105,,,
,cc4c5a2d-353c-4606-a2e8-e1544f4d7c8c,,Worker3,Worker3,1733881526031,1733881526189,20,123,,,
10ms,7414ccf9-f706-4b3e-bff8-87ad14b92b82,TRUE,Worker1,Worker1,1733881567011,1733881567058,0,0,,"same country (us-east-1f, us-west-1c, us-west-2d)",
,7414ccf9-f706-4b3e-bff8-87ad14b92b82,,Worker2,Worker2,1733881567021,1733881567171,10,113,,,
,7414ccf9-f706-4b3e-bff8-87ad14b92b82,,Worker3,Worker3,1733881567030,1733881567192,20,134,,,
10ms,ad5729e5-6a01-454a-bbb2-fd2c91135795,TRUE,Worker1,Worker1,1733881608010,1733881608056,0,0,,"same country (us-east-1f, us-west-1c, us-west-2d)",
,ad5729e5-6a01-454a-bbb2-fd2c91135795,,Worker2,Worker2,1733881608021,1733881608172,10,116,,,
,ad5729e5-6a01-454a-bbb2-fd2c91135795,,Worker3,Worker3,1733881608030,1733881608181,20,125,,,
10ms,a912ee9f-c172-49df-8bf8-53916d25dc92,TRUE,Worker1,Worker1,1733881649011,1733881649057,0,0,,"same country (us-east-1f, us-west-1c, us-west-2d)",
,a912ee9f-c172-49df-8bf8-53916d25dc92,,Worker2,Worker2,1733881649021,1733881649174,10,117,,,
,a912ee9f-c172-49df-8bf8-53916d25dc92,,Worker3,Worker3,1733881649031,1733881649191,20,134,,,
10ms,57b16dd7-9944-4efa-a712-226f037d686b,FALSE,Worker1,Worker1,1733881690010,1733881690060,0,0,,"same country (us-east-1f, us-west-1c, us-west-2d)",
,57b16dd7-9944-4efa-a712-226f037d686b,,Worker2,Worker3,1733881690020,1733881690175,10,115,,,
,57b16dd7-9944-4efa-a712-226f037d686b,,Worker3,Worker2,1733881690030,1733881690175,20,115,,,
10ms,82f39da8-20ba-4a1b-8202-eb11de240d75,TRUE,Worker1,Worker1,1733881976010,1733881976072,0,0,,"same country (us-east-1f, us-west-1c, us-west-2d)",
,82f39da8-20ba-4a1b-8202-eb11de240d75,,Worker2,Worker2,1733881976020,1733881976179,10,107,,,
,82f39da8-20ba-4a1b-8202-eb11de240d75,,Worker3,Worker3,1733881976030,1733881976180,20,108,,,
10ms,e95dc74d-36ca-476b-9184-077dc8765e22,FALSE,Worker1,Worker1,1733882016011,1733882016058,0,0,,"same country (us-east-1f, us-west-1c, us-west-2d)",
,e95dc74d-36ca-476b-9184-077dc8765e22,,Worker2,Worker3,1733882016020,1733882016171,10,113,,,
,e95dc74d-36ca-476b-9184-077dc8765e22,,Worker3,Worker2,1733882016031,1733882016181,20,123,,,
10ms,2f5230e0-b4f4-436c-b2f0-fe6646c9829e,TRUE,Worker1,Worker1,1733882055010,1733882055065,0,0,,"same country (us-east-1f, us-west-1c, us-west-2d)",
,2f5230e0-b4f4-436c-b2f0-fe6646c9829e,,Worker2,Worker2,1733882055021,1733882055168,10,103,,,
,2f5230e0-b4f4-436c-b2f0-fe6646c9829e,,Worker3,Worker3,1733882055030,1733882055183,20,118,,,
10ms,9f04b2a5-98a8-4678-9540-37d6c528fa34,FALSE,Worker1,Worker1,1733882094011,1733882094056,0,0,,"same country (us-east-1f, us-west-1c, us-west-2d)",
,9f04b2a5-98a8-4678-9540-37d6c528fa34,,Worker2,Worker3,1733882094021,1733882094169,10,113,,,
,9f04b2a5-98a8-4678-9540-37d6c528fa34,,Worker3,Worker2,1733882094031,1733882094173,20,117,,,
10ms,ee1cd4e2-5821-462b-9d9a-fbf77c9d2bbf,TRUE,Worker1,Worker1,1733882132010,1733882132060,0,0,,"same country (us-east-1f, us-west-1c, us-west-2d)",
,ee1cd4e2-5821-462b-9d9a-fbf77c9d2bbf,,Worker2,Worker2,1733882132020,1733882132170,10,110,,,
,ee1cd4e2-5821-462b-9d9a-fbf77c9d2bbf,,Worker3,Worker3,1733882132031,1733882132177,20,117,,,
100ms,1be107a8-9ea8-4a53-a9a8-5006be122856,TRUE,Worker1,Worker1,1735938067101,1735938067155,0,0,,"intra-region(us-east-2a, us-east-2b, us-east-2c)",
,1be107a8-9ea8-4a53-a9a8-5006be122856,,Worker2,Worker2,1735938067201,1735938067242,100,87,,,
,1be107a8-9ea8-4a53-a9a8-5006be122856,,Worker3,Worker3,1735938067301,1735938067341,200,186,,,
,1be107a8-9ea8-4a53-a9a8-5006be122856,,Worker1,Worker1,1735938067401,1735938067416,300,261,,,
,1be107a8-9ea8-4a53-a9a8-5006be122856,,Worker2,Worker2,1735938067501,1735938067518,400,363,,,
,1be107a8-9ea8-4a53-a9a8-5006be122856,,Worker3,Worker3,1735938067601,1735938067620,500,465,,,
,1be107a8-9ea8-4a53-a9a8-5006be122856,,Worker1,Worker1,1735938067701,1735938067719,600,564,,,
,1be107a8-9ea8-4a53-a9a8-5006be122856,,Worker2,Worker2,1735938067801,1735938067817,700,662,,,
,1be107a8-9ea8-4a53-a9a8-5006be122856,,Worker3,Worker3,1735938067901,1735938067917,800,762,,,
,3981436d-2dbd-4602-bf11-548fc137a353,TRUE,Worker1,Worker1,1735938117101,1735938117123,0,0,,,
,3981436d-2dbd-4602-bf11-548fc137a353,,Worker2,Worker2,1735938117201,1735938117222,100,99,,,
,3981436d-2dbd-4602-bf11-548fc137a353,,Worker3,Worker3,1735938117301,1735938117324,200,201,,,
,3981436d-2dbd-4602-bf11-548fc137a353,,Worker1,Worker1,1735938117400,1735938117413,300,290,,,
,3981436d-2dbd-4602-bf11-548fc137a353,,Worker2,Worker2,1735938117501,1735938117515,400,392,,,
,3981436d-2dbd-4602-bf11-548fc137a353,,Worker3,Worker3,1735938117601,1735938117616,500,493,,,
,3981436d-2dbd-4602-bf11-548fc137a353,,Worker1,Worker1,1735938117700,1735938117717,600,594,,,
,3981436d-2dbd-4602-bf11-548fc137a353,,Worker2,Worker2,1735938117801,1735938117814,700,691,,,
,3981436d-2dbd-4602-bf11-548fc137a353,,Worker3,Worker3,1735938117900,1735938117914,800,791,,,
,c83ebaaa-83c4-4b27-bcfb-b75e41649322,TRUE,Worker1,Worker1,1735938156101,1735938156127,0,0,,,
,c83ebaaa-83c4-4b27-bcfb-b75e41649322,,Worker2,Worker2,1735938156201,1735938156230,100,103,,,
,c83ebaaa-83c4-4b27-bcfb-b75e41649322,,Worker3,Worker3,1735938156301,1735938156325,200,198,,,
,c83ebaaa-83c4-4b27-bcfb-b75e41649322,,Worker1,Worker1,1735938156400,1735938156420,300,293,,,
,c83ebaaa-83c4-4b27-bcfb-b75e41649322,,Worker2,Worker2,1735938156501,1735938156519,400,392,,,
,c83ebaaa-83c4-4b27-bcfb-b75e41649322,,Worker3,Worker3,1735938156601,1735938156617,500,490,,,
,c83ebaaa-83c4-4b27-bcfb-b75e41649322,,Worker1,Worker1,1735938156700,1735938156715,600,588,,,
,c83ebaaa-83c4-4b27-bcfb-b75e41649322,,Worker2,Worker2,1735938156801,1735938156819,700,692,,,
,c83ebaaa-83c4-4b27-bcfb-b75e41649322,,Worker3,Worker3,1735938156901,1735938156917,800,790,,,
,7896acab-d70c-4cea-8947-5932c654ffb6,TRUE,Worker1,Worker1,1735938195100,1735938195139,0,0,,,
,7896acab-d70c-4cea-8947-5932c654ffb6,,Worker2,Worker2,1735938195201,1735938195224,100,85,,,
,7896acab-d70c-4cea-8947-5932c654ffb6,,Worker3,Worker3,1735938195301,1735938195327,200,188,,,
,7896acab-d70c-4cea-8947-5932c654ffb6,,Worker1,Worker1,1735938195400,1735938195414,300,275,,,
,7896acab-d70c-4cea-8947-5932c654ffb6,,Worker2,Worker2,1735938195501,1735938195515,400,376,,,
,7896acab-d70c-4cea-8947-5932c654ffb6,,Worker3,Worker3,1735938195601,1735938195616,500,477,,,
,7896acab-d70c-4cea-8947-5932c654ffb6,,Worker1,Worker1,1735938195701,1735938195716,600,577,,,
,7896acab-d70c-4cea-8947-5932c654ffb6,,Worker2,Worker2,1735938195801,1735938195818,700,679,,,
,7896acab-d70c-4cea-8947-5932c654ffb6,,Worker3,Worker3,1735938195901,1735938195915,800,776,,,
,59a0890e-4e18-4664-9fbe-60272397b491,TRUE,Worker1,Worker1,1735938233101,1735938233123,0,0,,,
,59a0890e-4e18-4664-9fbe-60272397b491,,Worker2,Worker2,1735938233201,1735938233225,100,102,,,
,59a0890e-4e18-4664-9fbe-60272397b491,,Worker3,Worker3,1735938233301,1735938233325,200,202,,,
,59a0890e-4e18-4664-9fbe-60272397b491,,Worker1,Worker1,1735938233401,1735938233412,300,289,,,
,59a0890e-4e18-4664-9fbe-60272397b491,,Worker2,Worker2,1735938233501,1735938233519,400,396,,,
,59a0890e-4e18-4664-9fbe-60272397b491,,Worker3,Worker3,1735938233601,1735938233618,500,495,,,
,59a0890e-4e18-4664-9fbe-60272397b491,,Worker1,Worker1,1735938233700,1735938233712,600,589,,,
,59a0890e-4e18-4664-9fbe-60272397b491,,Worker2,Worker2,1735938233801,1735938233816,700,693,,,
,59a0890e-4e18-4664-9fbe-60272397b491,,Worker3,Worker3,1735938233901,1735938233932,800,809,,,
,c66628a8-10f4-4a68-9b1e-b13ee0552eeb,TRUE,Worker1,Worker1,1735938271101,1735938271128,0,0,,,
,c66628a8-10f4-4a68-9b1e-b13ee0552eeb,,Worker2,Worker2,1735938271200,1735938271239,100,111,,,
,c66628a8-10f4-4a68-9b1e-b13ee0552eeb,,Worker3,Worker3,1735938271301,1735938271321,200,193,,,
,c66628a8-10f4-4a68-9b1e-b13ee0552eeb,,Worker1,Worker1,1735938271401,1735938271416,300,288,,,
,c66628a8-10f4-4a68-9b1e-b13ee0552eeb,,Worker2,Worker2,1735938271500,1735938271530,400,402,,,
,c66628a8-10f4-4a68-9b1e-b13ee0552eeb,,Worker3,Worker3,1735938271601,1735938271609,500,481,,,
,c66628a8-10f4-4a68-9b1e-b13ee0552eeb,,Worker1,Worker1,1735938271701,1735938271715,600,587,,,
,c66628a8-10f4-4a68-9b1e-b13ee0552eeb,,Worker2,Worker2,1735938271801,1735938271829,700,701,,,
,c66628a8-10f4-4a68-9b1e-b13ee0552eeb,,Worker3,Worker3,1735938271900,1735938271912,800,784,,,
,6e6b94d6-bb53-40d7-aef1-d5db93b0c990,TRUE,Worker1,Worker1,1735938312101,1735938312123,0,0,,,
,6e6b94d6-bb53-40d7-aef1-d5db93b0c990,,Worker2,Worker2,1735938312201,1735938312226,100,103,,,
,6e6b94d6-bb53-40d7-aef1-d5db93b0c990,,Worker3,Worker3,1735938312300,1735938312325,200,202,,,
,6e6b94d6-bb53-40d7-aef1-d5db93b0c990,,Worker1,Worker1,1735938312401,1735938312414,300,291,,,
,6e6b94d6-bb53-40d7-aef1-d5db93b0c990,,Worker2,Worker2,1735938312501,1735938312516,400,393,,,
,6e6b94d6-bb53-40d7-aef1-d5db93b0c990,,Worker3,Worker3,1735938312601,1735938312615,500,492,,,
,6e6b94d6-bb53-40d7-aef1-d5db93b0c990,,Worker1,Worker1,1735938312701,1735938312715,600,592,,,
,6e6b94d6-bb53-40d7-aef1-d5db93b0c990,,Worker2,Worker2,1735938312801,1735938312817,700,694,,,
,6e6b94d6-bb53-40d7-aef1-d5db93b0c990,,Worker3,Worker3,1735938312901,1735938312914,800,791,,,
,6ab68d64-e880-48ef-8c54-8629e5cf663c,TRUE,Worker1,Worker1,1735938352101,1735938352128,0,0,,,
,6ab68d64-e880-48ef-8c54-8629e5cf663c,,Worker2,Worker2,1735938352200,1735938352223,100,95,,,
,6ab68d64-e880-48ef-8c54-8629e5cf663c,,Worker3,Worker3,1735938352301,1735938352326,200,198,,,
,6ab68d64-e880-48ef-8c54-8629e5cf663c,,Worker1,Worker1,1735938352401,1735938352415,300,287,,,
,6ab68d64-e880-48ef-8c54-8629e5cf663c,,Worker2,Worker2,1735938352500,1735938352517,400,389,,,
,6ab68d64-e880-48ef-8c54-8629e5cf663c,,Worker3,Worker3,1735938352601,1735938352624,500,496,,,
,6ab68d64-e880-48ef-8c54-8629e5cf663c,,Worker1,Worker1,1735938352701,1735938352714,600,586,,,
,6ab68d64-e880-48ef-8c54-8629e5cf663c,,Worker2,Worker2,1735938352800,1735938352815,700,687,,,
,6ab68d64-e880-48ef-8c54-8629e5cf663c,,Worker3,Worker3,1735938352901,1735938352913,800,785,,,
,de1b18a2-ae3d-476d-a7a5-3ddd0693c82e,TRUE,Worker1,Worker1,1735938391100,1735938391123,0,0,,,
,de1b18a2-ae3d-476d-a7a5-3ddd0693c82e,,Worker2,Worker2,1735938391201,1735938391222,100,99,,,
,de1b18a2-ae3d-476d-a7a5-3ddd0693c82e,,Worker3,Worker3,1735938391300,1735938391330,200,207,,,
,de1b18a2-ae3d-476d-a7a5-3ddd0693c82e,,Worker1,Worker1,1735938391401,1735938391416,300,293,,,
,de1b18a2-ae3d-476d-a7a5-3ddd0693c82e,,Worker2,Worker2,1735938391501,1735938391508,400,385,,,
,de1b18a2-ae3d-476d-a7a5-3ddd0693c82e,,Worker3,Worker3,1735938391600,1735938391618,500,495,,,
,de1b18a2-ae3d-476d-a7a5-3ddd0693c82e,,Worker1,Worker1,1735938391701,1735938391717,600,594,,,
,de1b18a2-ae3d-476d-a7a5-3ddd0693c82e,,Worker2,Worker2,1735938391800,1735938391813,700,690,,,
,de1b18a2-ae3d-476d-a7a5-3ddd0693c82e,,Worker3,Worker3,1735938391901,1735938391932,800,809,,,
,0b02a2ae-2cc9-4d67-ac0d-9c1cf0b2f0a0,TRUE,Worker1,Worker1,1735938430101,1735938430119,0,0,,,
,0b02a2ae-2cc9-4d67-ac0d-9c1cf0b2f0a0,,Worker2,Worker2,1735938430201,1735938430219,100,100,,,
,0b02a2ae-2cc9-4d67-ac0d-9c1cf0b2f0a0,,Worker3,Worker3,1735938430301,1735938430323,200,204,,,
,0b02a2ae-2cc9-4d67-ac0d-9c1cf0b2f0a0,,Worker1,Worker1,1735938430401,1735938430434,300,315,,,
,0b02a2ae-2cc9-4d67-ac0d-9c1cf0b2f0a0,,Worker2,Worker2,1735938430500,1735938430513,400,394,,,
,0b02a2ae-2cc9-4d67-ac0d-9c1cf0b2f0a0,,Worker3,Worker3,1735938430601,1735938430617,500,498,,,
,0b02a2ae-2cc9-4d67-ac0d-9c1cf0b2f0a0,,Worker1,Worker1,1735938430701,1735938430721,600,602,,,
,0b02a2ae-2cc9-4d67-ac0d-9c1cf0b2f0a0,,Worker2,Worker2,1735938430800,1735938430814,700,695,,,
,0b02a2ae-2cc9-4d67-ac0d-9c1cf0b2f0a0,,Worker3,Worker3,1735938430900,1735938430914,800,795,,,