correct odr,actual odr,request time from VM,start time from Lambda,expected invocation time,actual invocation time
Worker1,Worker1,1735938067101 ,1735938067155 ,0,0 
Worker2,Worker2,1735938067201 ,1735938067242 ,100,87 
Worker3,Worker3,1735938067301 ,1735938067341 ,200,186 
Worker1,Worker1,1735938067401 ,1735938067416 ,300,261 
Worker2,Worker2,1735938067501 ,1735938067518 ,400,363 
Worker3,Worker3,1735938067601 ,1735938067620 ,500,465 
Worker1,Worker1,1735938067701 ,1735938067719 ,600,564 
Worker2,Worker2,1735938067801 ,1735938067817 ,700,662 
Worker3,Worker3,1735938067901 ,1735938067917 ,800,762 
Worker1,Worker1,1735938117101 ,1735938117123 ,0,0 
Worker2,Worker2,1735938117201 ,1735938117222 ,100,99 
Worker3,Worker3,1735938117301 ,1735938117324 ,200,201 
Worker1,Worker1,1735938117400 ,1735938117413 ,300,290 
Worker2,Worker2,1735938117501 ,1735938117515 ,400,392 
Worker3,Worker3,1735938117601 ,1735938117616 ,500,493 
Worker1,Worker1,1735938117700 ,1735938117717 ,600,594 
Worker2,Worker2,1735938117801 ,1735938117814 ,700,691 
Worker3,Worker3,1735938117900 ,1735938117914 ,800,791 
Worker1,Worker1,1735938156101 ,1735938156127 ,0,0 
Worker2,Worker2,1735938156201 ,1735938156230 ,100,103 
Worker3,Worker3,1735938156301 ,1735938156325 ,200,198 
Worker1,Worker1,1735938156400 ,1735938156420 ,300,293 
Worker2,Worker2,1735938156501 ,1735938156519 ,400,392 
Worker3,Worker3,1735938156601 ,1735938156617 ,500,490 
Worker1,Worker1,1735938156700 ,1735938156715 ,600,588 
Worker2,Worker2,1735938156801 ,1735938156819 ,700,692 
Worker3,Worker3,1735938156901 ,1735938156917 ,800,790 
Worker1,Worker1,1735938195100 ,1735938195139 ,0,0 
Worker2,Worker2,1735938195201 ,1735938195224 ,100,85 
Worker3,Worker3,1735938195301 ,1735938195327 ,200,188 
Worker1,Worker1,1735938195400 ,1735938195414 ,300,275 
Worker2,Worker2,1735938195501 ,1735938195515 ,400,376 
Worker3,Worker3,1735938195601 ,1735938195616 ,500,477 
Worker1,Worker1,1735938195701 ,1735938195716 ,600,577 
Worker2,Worker2,1735938195801 ,1735938195818 ,700,679 
Worker3,Worker3,1735938195901 ,1735938195915 ,800,776 
Worker1,Worker1,1735938233101 ,1735938233123 ,0,0 
Worker2,Worker2,1735938233201 ,1735938233225 ,100,102 
Worker3,Worker3,1735938233301 ,1735938233325 ,200,202 
Worker1,Worker1,1735938233401 ,1735938233412 ,300,289 
Worker2,Worker2,1735938233501 ,1735938233519 ,400,396 
Worker3,Worker3,1735938233601 ,1735938233618 ,500,495 
Worker1,Worker1,1735938233700 ,1735938233712 ,600,589 
Worker2,Worker2,1735938233801 ,1735938233816 ,700,693 
Worker3,Worker3,1735938233901 ,1735938233932 ,800,809 
Worker1,Worker1,1735938271101 ,1735938271128 ,0,0 
Worker2,Worker2,1735938271200 ,1735938271239 ,100,111 
Worker3,Worker3,1735938271301 ,1735938271321 ,200,193 
Worker1,Worker1,1735938271401 ,1735938271416 ,300,288 
Worker2,Worker2,1735938271500 ,1735938271530 ,400,402 
Worker3,Worker3,1735938271601 ,1735938271609 ,500,481 
Worker1,Worker1,1735938271701 ,1735938271715 ,600,587 
Worker2,Worker2,1735938271801 ,1735938271829 ,700,701 
Worker3,Worker3,1735938271900 ,1735938271912 ,800,784 
Worker1,Worker1,1735938312101 ,1735938312123 ,0,0 
Worker2,Worker2,1735938312201 ,1735938312226 ,100,103 
Worker3,Worker3,1735938312300 ,1735938312325 ,200,202 
Worker1,Worker1,1735938312401 ,1735938312414 ,300,291 
Worker2,Worker2,1735938312501 ,1735938312516 ,400,393 
Worker3,Worker3,1735938312601 ,1735938312615 ,500,492 
Worker1,Worker1,1735938312701 ,1735938312715 ,600,592 
Worker2,Worker2,1735938312801 ,1735938312817 ,700,694 
Worker3,Worker3,1735938312901 ,1735938312914 ,800,791 
Worker1,Worker1,1735938352101 ,1735938352128 ,0,0 
Worker2,Worker2,1735938352200 ,1735938352223 ,100,95 
Worker3,Worker3,1735938352301 ,1735938352326 ,200,198 
Worker1,Worker1,1735938352401 ,1735938352415 ,300,287 
Worker2,Worker2,1735938352500 ,1735938352517 ,400,389 
Worker3,Worker3,1735938352601 ,1735938352624 ,500,496 
Worker1,Worker1,1735938352701 ,1735938352714 ,600,586 
Worker2,Worker2,1735938352800 ,1735938352815 ,700,687 
Worker3,Worker3,1735938352901 ,1735938352913 ,800,785 
Worker1,Worker1,1735938391100 ,1735938391123 ,0,0 
Worker2,Worker2,1735938391201 ,1735938391222 ,100,99 
Worker3,Worker3,1735938391300 ,1735938391330 ,200,207 
Worker1,Worker1,1735938391401 ,1735938391416 ,300,293 
Worker2,Worker2,1735938391501 ,1735938391508 ,400,385 
Worker3,Worker3,1735938391600 ,1735938391618 ,500,495 
Worker1,Worker1,1735938391701 ,1735938391717 ,600,594 
Worker2,Worker2,1735938391800 ,1735938391813 ,700,690 
Worker3,Worker3,1735938391901 ,1735938391932 ,800,809 
Worker1,Worker1,1735938430101 ,1735938430119 ,0,0 
Worker2,Worker2,1735938430201 ,1735938430219 ,100,100 
Worker3,Worker3,1735938430301 ,1735938430323 ,200,204 
Worker1,Worker1,1735938430401 ,1735938430434 ,300,315 
Worker2,Worker2,1735938430500 ,1735938430513 ,400,394 
Worker3,Worker3,1735938430601 ,1735938430617 ,500,498 
Worker1,Worker1,1735938430701 ,1735938430721 ,600,602 
Worker2,Worker2,1735938430800 ,1735938430814 ,700,695 
Worker3,Worker3,1735938430900 ,1735938430914 ,800,795 